comment,time
1457424928000,不怎么样，比有些面店煮的还差点，就是环境干净了点，不推荐
1451033998000,不好吃，环境还可以，价格偏贵，不推荐
1449231254000,菜还没吃！服务员态度和***一样.以后再也不来了.垃圾垃圾
1444211784000,不咋地，不推荐，没什么人在这吃，味道不好
1443338165000,味道太一般，荷叶饭没有一点荷叶的味道啊，感觉就是热一下拿出来的，不推荐
1430307628000,不推荐，量少不说，东西还难吃。划不来，就是地段不错
1429266323000,虾仁不新鲜，从图片看起来饭很多，结果一次好少，…在说说清汤，就是紫菜加方便面调料…不推荐
1423057479000,一般了，不推荐去！价格偏贵！改善的地方太多，服务意识比较低！
1495522454956,"去年一盘龙虾的份量只比图片少一点，今年龙虾份量明显减少太多，我没有拍照片，但是是据实说话，前几天过去吃的龙虾，差不多只有图片中的一半，同样是两斤龙虾，去年和今年，缩水太多了。
尤其是昨天朋友去另外一家店买龙虾，打包后大小和你家店里四斤龙虾打包完的一样大，我就掂了一下，还蛮重，就随口问了句多少斤，她说是两斤，瞬间我整个人都不好了。同样的大小盒子装的龙虾，同样装的满满当当，你家说是四斤的小龙虾，另外一家说是两斤的小龙虾。
说起来是老顾客了，去年经常去你家吃，也经常带朋友去，推荐朋友去，害的还被朋友说你是不是给我广告代言费了，这么推荐去你家吃，我只是爱吃小龙虾，谁家好吃推荐谁家，只是这次太失望，果然没有对比没有伤害。奉劝老乡一句话，做人还是要稍微实诚点，缺斤少两太多会失去我们这些忠实顾客的。
很认真的打了这份评价，一个给要来吃的人做个参考，一个给店家的小建议。"
1435595061000,不好吃，不推荐。口味不太满意，不新鲜。
1478180735536,还行，羊肉串跟大盘鸡，酸奶推荐，羊肉馕受不了膻味的不推荐，受得了的可以尝试，
1519128796673,一到菜等了半小时，下一道菜半小时，吃的体验真是差。而且还是先付款再等菜，服务员态度真的是爱理不理。下次不来吃了，也不推荐大家来吃。
1528019242019,东西很少 吃一次就可以了  下次就不去了 太少了
1527929806871,很负责任的说，这家是我吃过最差的一家海鲜自助，菜品少也就算了，菜的质量还不好，提到服务就差的不能再差了，一样的价格，我在深海八百米吃人家服务不要太好，就是温州没有找到。另外另外另外，火锅居然不给我换汤，火锅汤都脏得不行，都是海鲜的泥了！！居然说还没臭不给换！！第一次吃火锅还不给换清汤的，白开水都不给换！！搞事情呢，臭了你吃啊。。另外评论里的好评肯定都是托！！
1526284542975,菜类太少了   而且没有牛排  也没有皮皮虾
1519658567219,新鲜的没有，全不是冰冻的海鲜。希望有待提高活的海鲜
1518432932343,还没到8点，要牛排，煎牛排的人直接说要等半小时，然后半小时过去看还是没有，摆明了不想供应，然后去要牛肉和羊肉，弄的人一副欠他一百万似得，把牛肉狠狠的的放到桌上，我说多给我一点他拿了几个牛肉重重的放在我盘子里，旁边的客人问牙签，他们说牙签自己拿，我在这里说下，国内的自助餐厅很自以为是的以为自助就是不需要服务，我告诉你们，你可以不提供服务，但是我们也可以不选择你们
1518135981004,菜品少，味道差，还把时间限的死死的。而且东西也不新鲜。主要价格还死贵死贵的。不会再去了，不推荐大家去。就这价格都可以去温州国际大酒店的自助餐厅吃了。
1516622458178,我只是觉得自己弄的海鲜不好吃。还是要去海鲜馆点专门的海鲜才好吃（因为口味各异）。这种海鲜自助是里面放点盐直接用水煮（为了吃海鲜的鲜味，但是这里的海鲜并不是很新鲜），我还是比较喜欢专门的海鲜店。
1515150967097,推荐大家不要来，味道，和菜品都少，特别是店里的服务员，态度差！水煮开了，就跑过来把开关按点，说都不说一下，吓我一跳！很反感，下次再也不来了，建议大家别来，还不如去悦四海
1527423191687,贝壳类的菜品沙子太多？。。。。。。。。。
1501647982204,很久没看美团了 看到待评价 不好吃 味道不好
1482137947880,每样都是推荐菜品，味道还不错，不过不推荐海鲜类，泰式海鲜真的没什么特色。环境蛮好，似乎排烟措施有点问题，坐着能闻到烟味儿。服务生态度不错。
1480156202000,很贵，态度还不好，开个发票还说人没在，不推荐
1511569630860,看美团评价好过来的，结果小失望。店铺在瑞安市上望第一小学附近小河边有点偏。这里就是普通小火锅店，去吃自助火锅的，到店才发现“自助”没了，菜品很少老板人还算客气，朋友聚会不推荐去这里，档次太低。
1523708252926,店铺可能还未正式营业，人员配备完全不够。服务跟不上。鸭翅鸭爪的干锅应该是卤好味道的还不错，不过恶心的是旁边桌里面吃同样的干锅到最后吃出了绳子！绳子！绳子！另外一锅吃了青花椒鱼，味道跟其他专业做鱼的差除十万八千里，片鱼技术太差，太厚不入味。鱼肉不新鲜，随行朋友刚吃了鱼就拉肚子，都有一点恶心。最后走人付款，尽然说除酒水外全场通用的美团券只能用一张，说鱼锅是另外一个品牌不能用，牛逼！消费180+50元券，整体下来完全不如旁边其他吃的店。不推荐。
1527421968452,味道差，服务员一脸懵逼，无服务可言
1520696754602,价格偏高，份量少。不值得推荐！
1516596522644,差评，中午打着25抵50的广告，消费玩以后居然没卷了，虚假广告！
1513767014591,服务一般，不够专业，餐具上来的好慢，要催的
1512908020946,量是很足，但是酸菜鱼真不好吃，不推荐……
1511758036438,不新鲜，味道不正宗，上菜速度又慢的不得了，总共才两桌而已
1501511279633,服务员态度很好，就是东西贵还不好吃，不推荐去。
1528378110751,上菜速度太慢了，等了半个小时，毛都没上，而且那个鱼不知道怎么回事，吃的我反胃，想吐，一整条鱼我就吃了一点点，实在是吃不下去，本来是来吃饭的，结果走的时候还是饿肚子的，真的很扫兴，心情都非常不好了。非常非常的不满意。
1527157227463,去一次就够够的了，。。。。。？。。
1526356849653,店里的环境不错挺高大上的，就是菜品一般。
1523982473842,第一次有面包冰淇淋那个，第二次第三次就没有了，过分
1501138357130,菜的分量是足够的。但味道真的是不敢恭维，整个过程吃到的菜都是苦的，不晓得是不是鱼胆给弄破了，不好吃！
1498808451461,口味一般，看之前的评论说好吃到爆，才想去尝尝，结果被坑了，分量到是很足，3个人都吃不完
comment,time
1510566220595,之前是袋子装的，很多量，这次是盒子装的，20块鸡翅只有4个，鸡爪量也比原来少。以前很喜欢吃，经常买，之前服务的就是老板娘，服务态度非常好，这次去是员工服务，态度一般，不热情，而且一直玩手机。再也不会去了……有点失望
1501819477126,豆干是搜的，鸡脚好吃
1444661838000,位置还是蛮好找，味不怎么样，里面的鸡爪有的是坏的，不推荐买
1528176072818,去得时候都没什么菜啦，人也蛮多得，有些菜类没有也不补。调料味也少得可怜，不会下次去啦
1528012841095,催你走，服务态度像大爷一样，问他爱搭不理！
1527424440264,"专业吃货就客观的说几句
1：虾是那种死了冻的发白软的
2：熟菜区从我吃开始空了也没换过补过
3：海鲜牛肉猪肉类口感太差了

希望我的评价能够让你们改善"
1527061764948,菜品比较少，锅底是我吃过那么多家最难吃的一个，点的鸳鸯锅还另外收8元，辣汤一点味道都没有， 蟑螂蚂蚁到处爬，连最基本的服务都没有
1526873454539,菜品很少，人又多，服务态度不是很好
1526214279727,应该不会有下次。  寿司上面有蟑螂再跑。话说前面的收银台服务也是够差的。
1526042194919,卫生没有以前好了，盘子都没洗干净，夹寿司的时候还看到蟑螂在爬，菜式也没有以前多样了，很失望，以后都不想去了……
1525223384881,没有汉滏宫的菜多，锅下面滴油，没留意把我刚买的鞋给滴成这样了，这炖饭吃的太不值了
1524839974259,吃过最差的自助餐  没有之一。    几乎没啥可吃的，寿司都是酸酸的……菜品差就算了 服务还不到位，忘带纸巾 ，两块一包带印刷广告那种，美团以来第一个差评。
1523021871049,带小孩去吃  半价也要40  不推荐  东西不太新鲜
1522923546400,菜很久才上，调料没了也没人添加，碗很脏，吃了20分钟不到，就撤了，服务态度不好！
1522733602988,都没什么东西吃、感觉吃来吃去都是那几个菜
1522645229055,收回押金既然给假钱，我对这的服务也是服了，看是十块没去理，回来才发现收到两张十块里面有一张是假钱，而且那的食物新鲜，第一次遇到这样的店，见识了
1521992702144,肉类菜类品种都不多，调料也好少，花椒油香油都没有，都没吃到什么东西。
1520759375492,"#卫生不好，碗筷很油，还滴着水#菜品挺多的，但是没什么好吃，只有肥牛还不错。海鲜就别想了，真的不是一般的不好吃，蚝外面盖了厚厚的一堆蒜蓉，看上去好像不错，但其实里面完全就没有肉，瘦到连牙缝都塞不住！！！而且烤熟要花大量时间。还是吃点其他的吧。另外牛柳像猪肉，而且多筋，难吃，总体上能吃的只有肥牛了。#服务态度，这家烤肉店让我见识到了什么叫凶女人，男的对你爱理不理，让加点东西直接当没听到，素质极差。总的来说，这是家极不推荐的烤肉店，不会再来。"
1520416843876,难吃.东西少.没什么好吃的.有些东西是没有的还有熟食还那么凉
1519363440809,本人也算是个吃货，国内外的饭店吃过无数，但从来没吃过这么不靠谱的烤肉。刚坐下就看到一只虫子在沙发上爬过。用杯子打饮料，打完后杯子上一层油膜（可想卫生条件如何）。服务态度非常差，吃了一个小时连个收盘子的都没有。挂着铁板烧的牌子，都没见到铁板烧长啥样。强烈不推荐吃货朋友们去尝试，好了，我看到驴肉火烧了，我去再吃些，头一次吃自助没吃饱，我也是醉了。
1519131587438,超级难吃，就没吃过这么难吃的烤肉，东西少的可怜，火锅汤底没有一点味道，去的比较晚的话一定要看下菜品.看着就没有食欲了.
1518242896231,一般般，不是太好吃，种类太少，
1517150836250,环境比较差，肉类比较少，酒类只有一种酒，没去过的，只会去一次
1516711890578,服務一般，店員都不積極的~品種少的可憐，又不新鮮，哎，不想提了
1515850914393,大晚上的  没什么东西吃  不如别家  什么都没有  不推荐
1515149475421,服务态度真的是太差了，就连那个火锅的锅底不找他都不上的，吃的东西也少
1514815053653,一点都不好吃，菜不新鲜，那个啥子肉吃着是苦的，感觉像新闻报道的拼接肉一样
1514808964233,比较失望。好多品种都没有， 就只有哪几种，空盘了填菜要好半天。都不知道在干嘛。幸好地理位置好。不然……
1514712580904,东西也好少啊，不推荐，还不如楼下那条小吃街
1514692763397,环境不好，东西不新鲜，不推荐这家
1514273106841,真的不推荐去，感觉肉都很不新鲜，海鲜也很不新鲜，一直想到僵尸肉就吃不下了，拿了两个生蚝，其中一个蒜末下面都是沙子，下次不敢恭维了，火锅的锅太高了，夹的时候抬的手都无奈死了
1513916534129,不咋地 人比较多！没吃完就赶人走了
1512899813044,服务还可以，就是菜品太少了，基本上没什么吃的 也没有甜品蛋糕！亲眼所见他们的橙汁饮料是加了粉泡水进去的。不推荐大家去。
1512651069145,肉类不新鲜，感觉不是真肉！！！
1512622053401,菜品不多，也不怎么新鲜，补划算
1512547570508,下次在也不会去了。我们八点去热菜都没有了服务员说厨师卫生打扫好了不炒了简直无语了服务员一个个的还特别拽
1512382469356,菜品少，真的少，不解释，不听的，可以去试试
1511427002865,冰箱里的肉，乱码七糟，更新不及时，地面桌子都很油，屋里乌烟瘴气的，调料种类也不够丰富
1510455098531,晚上去的，菜都不新鲜  辣鸡  什么玩意哦
1510324759916,哇差评差评     下午去的那里，老街人超多，绕了好多圈终于找到美食城角落里的这个自助，最后好不容易到门口了，有三个他们的人站在门口收银台那我们看着他们他们看着我们大眼瞪小眼谁也不吭声，你们长得好看呢？嗯？最后还是我们打破了僵局说我们是美团的，哇一听我们美团的前台的小姐姐更是不得了了理都不理我们的后来还是他们三个其中一个给我们验了，其实我们美团的你们应该好好接待，不然谁能找到你这个小角落里，那副嘴脸叼天上去了，那你不就好厉害。言归正传，特！别！咸！没有自己加盐的都辣么咸，吃两口就没吃了，东西炒鸡少，就两排地方不用五分钟就能走完，失望。以后不会去了，想好好吃自助的还是不要来这里，态度差东西少，就这样
1509966558229,菜品少。服务态度差。有个女服务员老是过来关火是什么鬼，我刚调的火都给关了，我也是醉了。
1509440108555,地板很脏，滑滑的，东西也不多，不推荐
1508419628894,第一次碰到基本没有肉的烤肉店……两点多去的，没什么菜还都是凉的，服务态度一般般，不推荐
1508060596234,很一般 个人感觉不太喜欢…………………………
1507605422167,一般般，没什么可吃的，水果也不新鲜。
1507438308283,菜品少，没什么吃的，主要是环境差，挤，很闷，而且服务员老看着我们桌，眼神像防贼一样防我们，不到一个小时我们就受不了走了。
1507309303735,不卫生 服务差 吃的也少 服务员老问吃饱了没 要把食收掉 明明才刚去
1507036394648,味道太咸了，服务员的态度极度不好还骂人，海鲜还是坏了的，下次再也不来了
1506950146179,"一进到店就后悔了，一股油烟味扑鼻而来，抽烟机用处不大，让人感觉这个店有点挤。地板有点滑，感觉平时拖地没把油拖干净！问了一下能不能退款不吃了，结果也知道，不能。
于是将就着吃，调料都分不清是醋还是酱油，几个标签没了也不补上去。海鲜没见到多少，就连水果也是，没吃过竟然还缺水果的自助餐！
我们是中午去就的餐，他们家的酱料费每人还要另外交3元，午市明明是52元，但是却说不能用，要按晚市的价格！
平时吃完自助即使有吐槽的点也很少有评论，但这个实在让人接受不了，那些服务员的态度没有别家的好，来了第一次就不会来第二次了！绝对的！"
1506395993756,哎……不说太多，除了吃寿司，其他没好吃的。
1505191354546,一般，也没什么好吃的，最主要的是服务态度非常差，不会再去第二次
1504841657695,能吃的东西真的不多 感觉都不新鲜
1504706841141,烟雾全都是，只有一点肉都不是满盘出的，海鲜也是小盘的放出来，总之是我们吃过最差的。无论环境还是服务，和服务员对面路过想着停一下或者让对方过，她的态度是直接脸黑挥挥手像指挥一样让路，也是服了。
1504353739952,谁去谁坑被坑，我是一个吃货的人来说
1504253725617,环境污染  服务态度差   不卫生   服务态度差
1503928307548,自己烤肉，老是跑过来关火，说会烤焦的，开个2档， 8档可以开的，开着5 档在弄吃，饿死了还有人跑过来直接开到2，有病，烤了15分还是不熟的。自助烤肉还有这样的。来回关了我3 4次火，呵呵
1503402553969,"环境太阴暗了。感觉心情很压抑的。 居然还要收调料费。第一次吃自助收调料费的。菜品实在太少了，看到网上显示的图片才去吃的，结果到了店里真的好失望啊。菜品少，又不新鲜？水果看网上图片好丰富，结果就几个枣子，香蕉，真的很无语。然后海鲜类根本没有。而且到了晚上吃完了，反胃，超级不舒服。真心不推荐，最好不要带小孩子去，吃坏肚子，。"
1503379275692,"我个人特别懒，不在美团淘宝上差评或者好评，这次真的气到我了，
和男神过去吃饭，因为我先到，跟服务员说的时候，服务员说先验证一张，朋友来了在和她说验证，可是写了2张验证码的时候，两张验证码都验证了，朋友差不多到了准备验证我才发现，朋友才坐下没多少分钟，服务员就提醒用餐时间只有20分钟，说明情况的时候，服务员说，我朋友到了没有和她说，错在我先，，先验证是因为她自己怕漏了，，她没有错，，，最后加了20分钟，理由是因为等着人多，最后提醒还剩5分钟，我出来的时候真的没人在等，，整个过程也没人询问要不要换纸，服务员都不知道去哪了，，菜品不多，水果很少，雪糕也看不到，，如果不是为了在男神面前保持影响，就特别想想投诉，，这服务员服务质量，，，一分都不想给"
1503040970045,里面东西少不说，还没有罐装孜然，辣椒粉，真的能吃的就那么几个，肉类那能吃吗？全是杂，熟菜一看就好没食欲，拉黑名单，再也不会去
1502727265260,主要是口味太一般了，真心不推荐，东西真的很不好吃，唯一让我欣赏的是他们的理念，他们不允许浪费，这是好的
1502698701005,菜肉差死，服务态度差，种类少，都不好吃。
1502642276952,菜品特别少，饮料也没什么，水果只有番茄哈密瓜番石榴，没东西吃，而且今天过去，8点开始吃，星期天东西也不多加一点，过去吃凉拌菜都没有了，甜品蛋糕也没有，寿司才只有几样，炒菜类也没有什么，烤肉食材少的可怜，海鲜类更是没有，不知道是吃什么
1502175110893,食品有过期现象，虾的品质极差！
1501935561332,不推荐去，不好吃卫生也不干净。菜品特色差
1501690324861,不太推荐大家去那里，太一般了，不如单点吃
1501492108234,去得有点晚，进门的时候问服务员能吃多久，回答说是2小时，但是进去不到半小时全部的菜已经下架或是缺货，服务员到处在打扫卫生，感觉在赶客，超不爽
1501440771777,一点都不好吃，个人评价不推荐！
1500569674150,服务员叫了几遍都不理人
1499832617494,东西少 设备一般 烤肉的味道也不是很好
1499766267255,超级垃圾，价格贵，吃了拉肚子，不建议去，菜品少之又少，超级垃圾，下次坚决不去，态度超级恶劣，什么都没有吃的，调料也没有了，蔬菜也可以，海鲜也没有 ，而且吃不饱，晕死了，坚决不去了。
1499697676145,肉不新鲜，菜品少，海鲜更少，我只有蟹棒和鱿鱼，别的都是丸子一类，感觉在吃自助麻辣烫的feel 。不过小姑娘服务挺好的，很瘦，长头发，笑起来有个酒窝很甜美。这一分是给服务。
1499504482199,东西少。服务也不怎么样。
1499439682631,不好吃还不如野妹菜不新鲜，调料也不好吃
1498462155584,中午去的，说什么只能用全天的团购券，火锅辣的还要加8元，这都是次要的，最主要是有的菜品上的慢得要死，就一个冰冻虾和牛舌吧半小时或更久才会上一点上来，还没等你回过神的时候又没啦，吃个饭也是醉了，知道吃完都还是没吃到那两样东东！！
1498222549635,菜品少，还这么贵，吃到一半停电了，这还吃个啥。团购后再去需要每个人交三元说是个什么锅底费。
1498206934752,到处都是飞虫爬来爬去，食物上也会偶尔飞去几只，煮点肥牛全是泡泡。没有一样海鲜。
1499592937198,越来越贵，服务态度不好，那天我们去吃，没什么好吃的。只好给差评了，
1496810853400,东西难吃不说，。吃个饭，总是跟个苍蝇一样在我们边上乱转。多收了我20块钱就算了。
1496125416209,菜的种类很少，而且肉就那么几种，感觉都是假肉吃了浑身不舒服，服务也不咋地，如果不是位置不错都不会去
1496023126269,人非常多，排队等了好久，开始每个人都给个3的号码，都不知道谁先谁后，里面的肉感觉泡过水一样，不太新鲜，饮料品种很少，实话不推荐
1495698010261,菜品很少，都不知道要吃什么，东西都没贴有标签，根本不知道是什么肉，这是去过最差的自助餐，没有之一！
1495457450827,之前去过布吉那家性价比还可以，这家再也不会去了，菜的种类少，肉都没见全过，喝豆奶喝饱了。
1495446100648,难吃再也不想去了       什么吃的都没有***    菜品也不新鲜   酱料很少连个辣椒都没有    咸得要死    收银的态度一点都不好     浪费时间浪费钱    不如回家吃碗面      一颗星都不想给
1495126560012,肉多煮一会就嚼不动的感觉，口感不好，辣椒也不辣，这些都不是重点，主要那个收银员，跟别人欠她钱一样，问一下WiFi密码还翻白眼，退押金也还那么凶？？欠你钱？？？带朋友去然后朋友气的想骂人，下次不去，也不推荐，服务员还好，就是收银员，欠你钱了摆个脸色？！
1494922536967,"不知道为什么这么多好评 最后我认可扣钱 都不想再吃了
恶心"
1494508314628,便宜沒好貨，最好不要浪費錢去吃，看到有蟑螂在鍋旁邊爬叫一個女服務員，她說等一下，然後就不見人影了，然後叫了男服務員把蟑螂打死了，還有很大的蒼蠅，飛蟲，食材也不新鮮，皮皮蝦都是壞的不能吃的一顆星都不想給
1491713743025,不好吃，烤炉也是差，不适合自助烤
1489304527920,跟朋友第一次来这里吃，感觉很差，不想再来
1489241127107,服务员服务态度超差！！周末没人还要加收10元！
1489134840581,一颗星我都不想给，在深圳待了十几年，这是我吃过最差劲的自助餐，菜品、点心、水果，都少的可怜，能拿的就两个冰箱，另外还放了几个大锅在那里占地方，里面是熟菜，也是少的可怜。团购两人餐98不便宜了，连个纸巾都不配，还要另外买，而且还要加6块钱什么配料费，心情超级差。实话实说，请勿打骚扰电话，否则我会投诉。
1488025728993,食品有些變味了，環境通風不好，很悶！
1488017923444,这个吃的真的是…也没人服务，…………
1487427152810,菜式很少，而且不新鲜，吃了回来肚子痛o(╥﹏╥)o，急性肠胃炎，真的不推荐😓😓
1485965785897,一般一般
1472903793500,真是垃圾，一个破虾都要大家抢，再也不来了
1471760647645,不会回头客，开始就没有打算去那里，是我姐说很近，就是试了试，可能真的让人挺失望的，不推荐
1461305100000,火锅的味道本来就大众 那个位置还好但是里面环境感觉差 刚进去的时候就没有食欲了  但是朋友要吃 只能陪着  不推荐去吃
1458637144000,菜品少，味道难吃，礼拜六天价格还要加价！不推荐
1456730216000,菜品款式品种还好，好不好吃还得靠自己操作的怎样！至于服务嘛，真心感觉很差，特别是那个长头发的潮汕部长，很叼，来消费还要看她脸色，这不是一两次了，还真巧，每次抄团购都是遇到她，个别服务员态度极差！还不如一个撤餐阿姨的态度好！还有一个做寿司的矮个子的小男孩，他就很好，第一次来都是他服务的。。。。。。。。。。就这一次以后再也不来了，都去千滋百味，品种多，态度也好！
1451530980000,吃过很多家自助，这家真的很一般，菜品比较少更新慢，不推荐！
1444725194000,这个真的是太一般了，一点都不推荐
1431737978000,东西少，不新鲜，服务一般，味道差，不推荐。
1430711222000,地面很油很滑 没什么菜 不推荐来这家 餐后不给开发票 请美团的查处一下
1428211867000,吃完拉肚子，基本不推荐来，选择很少
1426831364000,不好，有被坑的感覺。。可選的東西少
1426506422000,一星都不想给 坐车从南山大老远跑到罗湖。车费加团购费用够在我家楼下吃顿好饭了。说好的鸡柳呢？说好的虾呢？说好的水果呢？啥都没有！！！东门町店 简直就是坑钱的。烤肉全是鸡肉。其他东西都不新鲜了。饮料就是水。服务员就现在你身后看你吃。我花钱来蹲监狱来了吗？用得着这么看着我吗？我这40块钱 就当做一个教训。大家看到这条评论的引以为鉴吧！想去被坑就随便团！
1422870282000,态度差，服务不好，………感觉被坑了！
1421768644000,超难吃，听到服务员在偷偷议论我，以后再也不来了
1420205740000,菜品少 服务也不是很热情 元旦下班也很早 不推荐
1418886868000,不怎样。。。不推荐去。反正我是不会再去第二次了。
1418882830000,品种稀罕，除了火锅料可烤食物除了五花肉和秋刀鱼外屈指可数，加收蘸料费，和其它同类型自助相较性价比更低。服务一般，地面油滑，灯光昏黯。不推荐购买。
1415872110000,根本就没见着牛肉，还有一些不知道什么肉的，感觉挺久的了，有一位的感觉，就感觉点心比较好，但是种类超少，那些餐具很脏，上面都有痕迹，一句话，不推荐
1528536453963,不好吃，除了肉  其他还行，肉根本没有味道
1528215780563,菜品好少，特别是才给1.5小时餐饮时间，上的肉好厚，要烤好久。
1527487546003,自助餐一般都不咋地 而且也很不卫生
1527427306545,服务太差了。前面招待进店的女人特别***。肉也是特别少。一出来就没了。吃个自助就是去抢肉的。时间也过的快。等肉的时间都长点。根本都还没吃饱时间就过去了。一个老阿姨就在那等着催着你说时间到了她要收桌了。还一副老好人的样子表示说不扣我的押金。反正也没剩多少。搞笑。本来就没吃到多少。能剩什么。   搞得朋友们都没尽兴。尴尬死了。
1527426244813,我不知道是怎么排名第一的，讲真，能吃的真的很少，不夸张的说，太少了，我从来没有吃过种类这么少的自助，也没有什么很特别的种类，实在无法接受，这也能是所谓的第一名。
1526788088116,菜品还可以，关键牛肉刚上来就被两个人给分没了，我们新来的要等好半天才能下一波，节假日真真心不推荐来，好东西根本轮不到你
1526661995164,我想说是不是菜品不新鲜，我拉肚子了，现在喂奶期间，儿子晚上也闹一晚上
1526011423682,菜品少的可怜，都是些便宜的肉，特别是虾，我们五个人也是一份虾，人家两个人也是一样一份虾。去过一次都不会在想去第二次了~
1525680824074,不好吃 东西少 吃不饱 东西不新鲜 不推荐
1525542529856,每次去了都不给票，有些不怎么卫生
1524838585127,自助餐…虾还是一人一盘的？东西样式偏少，而且不咋地。
1523971223969,东西选择好少 肉类不好吃 下次不会再来 👋
1523189428719,反正我觉得挺差劲的，东西没啥的还死贵，差评差评差评
1522581568264,感觉这是最不好的一次美团体验，品种少，火力太大容易焦，火力太小烤不熟
1520601327564,菜的种类很少就几种肉，和一点青菜，不值这个价，不会再去了
1520522741978,有可能是晚上去的，所以菜品很少，不是很好吃
1514813898807,首先服务还好，不算很热情，也不冷淡，其次是装潢，挺大的中式风格，喜欢，不满意的是吃的东西，下午两点去的，去了之后就一个感觉，什么吃的都没有了，更别提什么牛肉，虾了，一桌六个基围虾，还是那种死很久的虾，一点口感都没有，烧烤用的肉有鱼猪肉鸡肉各一样，其他就是些说不出的便宜肉类，吃了两三块就没胃口了，培根比较多，还有生菜这些，熟食就四五种吧，还都是空的，饮料还没开始喝呢，就变成凉水了，寿司还好，用的米挺好的，还有好几种点心，麻薯，薯条，炸酸奶，整体来说就一句话，好吃的都没有！68还不如去吃海鲜自助也就多十块钱，不会再光顾也不推荐别人光顾，很失望 #一般#
1514377565715,价格贵，品种少，经常食材跟不上，不推荐
1513163930252,没有什么东西可以吃的，主要吃的东西太少了
1512896408998,个人建议 不推荐 火太慢了 前半个小时就是在等火起来 菜品特别少 加菜也不及时 基本上你一去肉就没了 上的肉就够一桌吃的 另一桌再去就是空盒子了 感觉吃没吃什么 时间都浪费在等待上面了 感觉不会去第二次了
1512199514085,真的不是一般难吃，羊肉应该是客人或者服务员没弄好，贴着牛肉，拿了一堆结果一吃直接吐了，那个膻不是一般难咽下去。好多吃了嘴都那个膻味，看着好吃是不是？你们能理解大中午的饿着肚子吃这些的感受吗？气到直接转别家吃。第一次来也是最后一次。(吃完去了洗手间)
1511880298172,肉不新鲜  酒很假跟水一样  服务也不好
1511706752628,不好，很差劲的，真的是人多了就什么都没了，吃的吃的没了，喝的喝的也没了，样式又少，是真的没什么可推荐的，调料也很差，真真是最差劲的一次自助餐厅，，，真的不想说什么了，很差，很差，满怀期待排队等了好久，进去太失望了
1511497084396,虾是限量的 冰淇淋我去的时候基本上是没有的 也不见服务员开新的 生菜我觉得是吃烤肉最重要的配菜了！差不多7点去的没有生菜！然后我来会跑了4-5次 依旧没有上！直到我吃完都没有见上的！我去的时候还听到别的顾客跟服务员说了没有生菜！人家服务员就哦了一下！！！！！人家说的那个寿司我也是没见的！想什么蛋挞啊炸香蕉啊我去的时候也是没有的！！什么都没有！！我是真的不想说话！还有最重要的 用油人家都有个刷油的毛刷这家是什么都没有 用勺子。。。。。我也是醉了！也没有第二次了
1511068226935,服务真心差难受  。。。。。还一定要写15个字呵呵
1509637206462,服务很差，因为去的比较晚，服务员为了要下班，态度不好，服务员在旁边走来走去，说还有这么多啊，怎样怎样，吃得很不开心，这是我去过最差的自助餐
1507867590756,不喜欢那的环境，还有服务员。真的是不会变通，呆呆的。
1503847647985,刷新了我对自助餐的认知，关键还是带着全家人堵了一路车去吃的！菜品差，烤肉的火也很小，人多的时候加菜的速度也跟不上，高兴而去，铩羽而归！
1502292553151,菜品太少，味道也不咋地，服务态度不好，叫半天一个人来都没有，比起东门的店差太多！不推荐😖😖
1502281165332,服务态度差，不会再去了！4个人为什么不能要2个桌，晕。我要是老板就换服务员
1500885725243,味道不怎么地，卫生好差，菜品也少。
1500302427959,别的自助烤肉都很多种类的，，而且这里好多东西都没有！差评，还贵！！
1498566538913,无语的服务员，过去之后我去拿菜了没看到服务员连火都没开，以为她开过了，过来之后就直接往上面放肉了，结果被他看到一直在嘲笑我吃烧烤连火都不开，无语了，这态度，就是那个年龄有点大的女的，什么素质
1498446823691,垃圾拉肚子，浑身不舒服不舒服不舒服
1498350443505,服务差，水果少，口味不好吃。肉类不新鲜。
1497246972982,价格便宜，食材很一般，不会去第二次
1494815322401,"带小孩一起去的，菜品少，羊肉取了两串，只烤了一串也没吃完，骚味非常大，也不知道是拿羊尿泡了多久，重点还掉颜色，会做饭的人一眼都能分辩出血色和染色。就吃了点青菜，小孩也只吃了点寿司。

对了，连烤料油盐醋等都是要自己去装，装就算了，还只备小碟子装，用起来一点都不放便，也不好算量"
1493620321558,品种好少，服务态度不好，东西找不到，她都不说在哪，顺便敷衍了事
1493608616534,难吃的要死     小强都不吃 ，，，，，
1492352391437,价格非常贵，性价比很低！太不划算。
1492220632276,食材看起来不是很新鲜，没啥特色，味道也不怎么样
1491872728270,菜品真的太少了！太失望了，以后再也不去了！  50几块钱一个人，不晓得一共吃了10块钱没有，真心不推荐
1491231773585,吃自助以来菜品最少的一次了，水果只有西瓜，肉类一次只拿一点点，不会再去吃了
1490618044927,服务态度不好，收了钱就不理你了，根本没什么东西，极度不划算！大家不要过来这家，连羊肉牛肉都不上，好不容易上一盘还要抢！垃圾！
1488889300319,火力不足啊！吃的我在车上了。各有所需。
1486086567131,调料又少，又不好，辣椒一点都不辣，菜品又少！有些饮料还是2015年的，就一次了，绝不会再去
1485928725210,真心不怎么样
1469503817022,不推荐，东西太少，没什么吃的，而且又贵得，又要另外收费
1468485466316,恶心，肥牛一直不上，从来的时候开始就没有看见过肥牛长什么样子，虽然是下午来的时间比较晚，但是在客人同样很多的情况下，依然没有上肥牛，好不容易出来吃烤肉，就是为了肥牛来的，但是没有吃到，差评。没有吃到肉就算了，其它想吃的也都没有，反而是蔬果上的特别勤，在客人多的情况下，这样的做法是及其不合理的。如果只有这一次我可以理解为工作系统的疏忽大意，但是其他客人也许并不能理解。如果下次再出现这种情况，我将永久拉黑，不再来烤肉店吃饭，切记！
1467729237916,第三次去了，因为位置好找，离家也不算远所以首选这里，菜品不算太多，但味道还不错，最喜欢的是烤牛肉，和小肥羊，聚餐的话还是不要选择周末，人太多了，要排很久的队，不推荐！服务方面还是挺周到的，油纸经常帮忙换，就是没吃到冰淇淋，下次希望有了
1467460848290,只能说一般般吧还行。但是不推荐女性过来，都是肉类的不咋滴
1456022076000,菜式太少了，被坑了，而且还贵，以后再也不会去了
1448693359000,不推荐，菜品不够？？？？？？？？
1448440147000,没图片上效果，不推荐了，不好吃不新鲜
1448421930000,肥牛经常是没有的，自助的，加菜的速度也是很慢，不推荐。
1446261382000,里面的菜超级难吃 是我吃过的韩国烤肉最差的一次 味道真心难吃 不推荐大家吃 完全对不起消费者 口味太差太差呢 菜式少就算了
1441800682000,大家不要去 态度不好 食品少 老板抠搜的 不要去 ***的被坑了
1440775151000,味道一般般，羊肉就没看到，虾也少，就五花肉还可以，团购的券周末还要加七元，不推荐
1440658474000,说实话不咋滴，有比这里好吃的烤肉店，好吃的就饮料和糕点吧。不推荐在用餐时间去 ，到点了人就特多 ，肥牛刚上没过5秒就没了，个别肉比较难吃，没腌过，比较推荐的肉就是培根和五花肉，吃得不开心，要吃的朋友要慎重阿。#培根##羊肉##五花肉##冰淇淋##鲜虾#
1439820653000,礼拜一18：00去的 时间较短 90分钟 虾和肥牛90分钟没上过一次  还差10来分钟就来催了 服务和价格不如韩釜宫 不推荐去
1437561717000,之前来过好多次了，以前觉得这家比较吸引我的也就是上菜速度比较快，餐盘一直是满的，主要是肉，最爱的是肥牛，而这次去吃一个半小时内，就刚开始来的时候上了一盘特别碎的肥牛，而且也在瞬间被拿光了，后来再也没有上肥牛，别的倒是有在上，但是也不够快，而且那些菜啊什么的，烤肉中也只是辅助，又不能当主食吃。肉倒也不是没有，可是光梅肉和五花肉，梅肉太瘦太干，五花肉又太腻，总之这次吃的很不满意，当时吃的时候就想再也不来了，枉费我对你们家长久的支持
1437302644000,***，团购就49了，到店就还要加收7块每人不知道什么费用，也没给你多介绍，美团又没说清楚，团购就便宜3块钱，这和没美团有区别吗？❌到店一个半小时了，牛肉和海鲜完全没见过，花了56块钱每人，就过来吃了几块五花肉，真的是完全开心吃的心情都没有了。哎，不评论了，果断黑名单。。。
1423278538000,种类很少  而且不太干净  不推荐
1411573937000,气死人了，吃起自助餐来没见过这么难吃的，又没油，又容易烤糊，不要说只有我一个人这样。我看到大家烤都基本糊了。又干，又咸，又糊了。难吃难吃。而且我吃这么多自助餐没有罚过钱，唯独跑到这里来就罚我钱，是不是知道我是外地人才欺负人？算了。认罚，反正这是你们的地盘，我也怎么不了你。食品种类又少，味道又不怎么样，美团的朋友劝你们不要去，因为你用支付宝付完钱后她要你交20元押金，就是方便扣你钱的。以后再也不来了。
1423210402000,去的那天  提前一天预约了 还是在另外等了40多分钟，吃着吃着没到20分钟，真的！***竟然停电了，我们坚决没走，很多人走了，我们等啊等啊，差不多 又是40分钟吧  才来电，我的亲啊，简直是***啊！！哎 不说了 都是泪，确实排烟很烂很烂，下次坚决吃烤肉要另外换一家，这个店也很小！！！不推荐。。。
1403709173000,不能算口味了，自助烤肉嘛，但菜品很不新鲜，牛羊肉稀缺，不推荐光顾。
1525172343036,真的不好嗯，上菜都要催半天，我说了美团的东西，还一脸懵逼的，又热，下次再也不来了
1521352163211,差！非常差！一肚子气！  1. 该服务员没有经询问，私自上了二选一的清汤底。  2. 更换完锅底通知我更换需收6元更换费。服务真的是不敢恭维，牛掰到一定境界。我们3个人吃的4-6人套餐。美团都不带问锅底，直接上清汤。表示要换麻辣锅底，更换完锅底她过来跟我讲要补6元更换费，牛掰了！团购还不给开发票，酒水也不开，说是现在没有发票了，要后补。东西也不知道好不好吃，反正光受气了。
1519872274304,首先上菜快，这点还是做得不错的。牛丸是冻的，并非现做，牛肉也不新鲜，锅底里乱七八糟的调料太多，味道不好。再就是点了个4到6人餐，我们三个人吃了不够。。。。。
1518482677214,不好吃，不正宗，酱料都不正宗，分量极少，说是6-8人餐，感觉哪怕就两三个人都吃不饱吧
1514090163872,很一般，不推荐，味道环境服务都一般
1514035282969,口味一般，服务不好，问是否有免费停车的地方，说对面工业园，会给一张停车券，最后给的是优惠券，抵扣5元，无语
1512816820636,不推荐，环境吵闹，火锅不好吃，特别是牛肉丸
1512571983651,今天在这家店用了美团128元的双人套餐，牛百叶不新鲜有问题，吃了几口，好臭，吃不下去直接吐出来，回家直接拉肚子。真是便宜没好货，商家好黑，质量有问题。不会再去吃了。
1496195872375,店里卫生差 蚊子太多了赶紧吃完走了我在汕头吃的好像不是这样子的？
1491725192785,一股腥味，吃几口就不想吃了，不推荐
1519808040773,越来越差了，去冰还一堆冰
1448505809000,位置很好找，刚好去的时候人不是很多，所以点餐很方便，一次性打包了6杯，只是等5分钟就可以拿到了，美女给我的珍珠很多，我很喜欢，而且贡茶是我的最爱，特别推荐，寒天爱玉，抹茶奶盖珍珠，不推荐金桔柠檬，个人感觉喝了很亏，里面就一个金桔和一片柠檬。#寒天爱玉# #抹茶珍珠奶盖茶# 。
1515496507934,老板人品态度特别差，而且奶茶味道越来越不正宗，差评，不推荐。
1514211727532,不怎么好喝，而且这边贡茶有好几家，找半天
1499260993801,柠檬茶太酸了，怕酸的朋友不推荐喝
1469190802814,好大份！不推荐乌茶和金砖奶茶有些苦噢
1519462229552,菜的味道一般，夫妻肺片一点儿都不好吃，人均消费也高，不推荐去
1511595948694,第一次是吃的四人餐味道不错，然而这次团购的二人餐，很差劲，青菜都是梗梗，叶子零星几片，不知道是不是剩下来的，不推荐，啤酒鱼不是整条鱼，而是几条小鱼，不好吃
1505289964768,一个女服务员黑着个脸，服务态度特别不好。直接向他们一个主管反应了，主管也没吭声。
1505127805666,省钱的亲们看过来。5个人，三大二小拿了99的套餐，不好吃后面又点了158的菜，茶位也算了钱，结果不让使用美团的代金券。说是用了一个套餐团了不可以跟其他优惠一起用。如果下次人多，又想用优惠券和团购的客户们记得开两个单哦。不拆单不能使用。开了就是两个独立的单。我是不会再来了，鸡肉很差，吃完肚子不舒服。我还是第一次给差评的。啤酒鱼跟我去漓江吃的是两回事。很坑很坑
1498303050218,味道不好吃，水煮鱼浪费了，没吃几口，不好吃
1457581300000,与以前相比，服务差很多了，不会推荐朋友去的
1457433312000,本来买的999套餐，明明写的免费提供包间，见图。结果到店了说包间要加50！那个男服务员还牛逼得很！这么大的免费两字你不认识？后来换了699的也加了50才给了包间！菜口味很一般！关键是不诚信，不诚信，不诚信！很不愉快的一次饭局。不推荐去！
1445918896000,服务太差，他们就不愿意接待网购用户，那些穿白色衣服的还说，早就应该关闭和美团的合作，上菜速度慢，竟然还会少上一个菜，要不是最后看了一下套餐，估计就帮人家省了…如果服务跟不上，环境再好，菜做的在美味，也给不了客人一个好的心情用餐，不推荐宝民这家！
1440401111000,环境可以，迟点就要排队了，用现金卷的，口味偏重，田螺鸡不错，竹筒肉真心不推荐，有可能本人不喜欢那种味道吧，其他都还可以，鱼也不错，但是不是很熟，希望厨师能把握好火候，毕竟不生不熟吃了对人体也不好，其他还可以
1434963434000,好吃，还送龟苓膏。南瓜不错。阳朔啤酒鱼不好吃，不推荐，有点腥味
1426598867000,实在是不推荐啤酒鱼，可能是漓江又一轩的败笔。其他的都挺好的。
1426461453000,感觉被坑了～跟朋友晚上去吃。所有食材都不太新鲜，啤酒鸭像是中午吃剩的，加了一把蒜苗再炒，板栗都是坏的～青菜是不知名的野菜，一口难以下咽～土豆排骨偏咸～骨头汤也不像是刚做的，不新鲜～总之一桌菜都是别人吃剩的，不会再来这家吃，纯粹是坑蒙拐骗，一点诚意都没有。
1398513814000,环境可以，不知道是不是团购原因，看到同样的菜团购比正价少得多，味道一般，吃到中间的时候，没问过直接把小菜送到桌上。导致还要付10元。不推荐。最差的一次团购。
1416230241000,黑店、黑店、黑店，龟苓膏都没上，味道也很一般，菜份量也很少，山楂茶也没看到，就是一般的茶，建议不要去
1525060886520,菜品较实惠，味道不行，之前吃过一次挺好，这次的体验很差，可能换厨师了，也可能是团购的菜做得不好
1505467776760,菜一般，难吃，重点是服务员很搞笑，我们还没吃完就把我们桌上的水拿走给其他桌倒水，真的很不礼貌。菜也难吃。我们不会再去了。差评差评。！！！！！！
1498372377045,不好吃了，食材也不新鲜，没怎么吃，最后买单走时候，看到领班叫服务员不要把多的那盘倒了，难道准备再卖？
1496227664584,环境还好，但是店里的空气不好，很重的油味，菜品也一般。
1496058932041,服务太差、白开水就算了，还倒完一杯就没了，也不会给倒开水了，餐厅连基本的纸巾都不提供，2块钱一包还要自己去买，点了一个鸭肉有异味，基本上没吃
1494819101878,怎么说呢，菜单和团购上显示有小龙虾，到了却没了，另点了3个菜，牛肉15分钟上来了。但其余的大概40分钟才上完，去催，不到十分钟才上齐！你不催，不上菜！牛肉，吃到一半发现有头发，去找投诉，然后说你已经吃的差不多了，给你个折扣，少了 5块钱，后续整个人都没啥食欲了。碗也是缺口的，不知怎么说，反正是一次不开心的体验！
1490004977044,除了咸就没什么味了，看评论说咸，特地提醒再三不要咸了，结果还是很咸，而且吃了拉肚子
1466746941681,一般般，不推荐，不如爱晚亭，分量太少
1466562190000,两个人点了4个菜，还有两杯饮料，花了189元，四个菜除了鱼头还可以，其他就是垃圾，牛魔王只有几块肉要68，口水鸡起码放了几天，像别人吃剩的一样，只吃了一口 难吃的要死，怎么叫口水鸡了 还有粉蒸排骨，简直没肉，都是粉，服务员黑脸，第一次美团如此不满意，垃圾黑店～祝你早日倒闭！
1464602680000,收茶位费还不给倒茶，菜的分量太少了，口味也就一般，不推荐。
1527918489223,个人不推荐，真的很不好，，，，，
1523939683774,这家店我去了没十次也有九次了，，以前不团购，我都点菜，感觉还可以，今天看到有团购代金劵，我又去了，我无力吐槽了，首先或许是团购的原因，我们去了，没给我们洗杯子的水，然后菜上来东西感觉也少了很多，吃着吃着我看到了苍蝇，服务员拿勺子把苍蝇挑出去，后面问我要不要换，我说算了，但是后面再发生的事我无力吐槽了，给我的藕片，里面全是泥，我找他们，服务员说藕片都是这样啊，，我就笑了，我又不是没吃过，随便一瞅，里面全是泥的藕片你们吃吗？估计自己都不吃吧，，，后面的菜我和朋友吃都没吃就走了，，，，，我决定这家店以后与我无缘了，，，，
1517029298518,菜真的太少了 人员又少 还那么贵不知道怎么经营这么久的
1512799511984,朋友推荐去的，环境也不错，点的虾锅，结果虾肉感觉绒的，不鲜美，有待提高，
1509105622187,"不好吃，肉很老，不新鲜。
佐料很单一。"
1508741223977,懒得废话，吃过你就知道下次还是算了，他家也是让你吃一肚子气回家
1505050782034,老板，真的感觉不够吃啊  我们就三个人啊
1502520714753,不好吃，下次再也不来了，菜量少
1494074603692,非常不满意，菜难吃，服务差，虾里有沙子
1492326610927,不知道是不是换老板了，味道大变样，非常难吃，分量又小。
1488625954397,不好，性价比比较低，味道一般，好多豆芽
1488006380837,强烈不推荐！！！！！首先有套餐，老板说周日不给用！不给用，你美团上写什么通用；其次，点的大锅就那么一点点，俩个人都觉得份量少！！配菜量也是非常少，口味啥的就那样，我从来都不会给差评一星，这是唯一一家让我非常无语的！反正不推荐呢，想要试试的也可以尝试一下。
1461681112000,我点的是焖锅虾和鱿鱼老妹说太辣了    男朋友说有点咸  我也感觉咸了没有上次好吃   那里的酱料要四块钱一位   我只想说不值  因为好多东西都没有  例如麻芝酱和醋  还有纸巾要两块钱一包    点菜时我们没人点纸巾  他们就拿来了一包纸巾然后买单时收费两元    我只想说有种被坑了的感觉   起码要问一下我们  搞的我们一直以为纸巾是免费的
1450257135000,口味还行，就是偏贵……来了个组合，没告诉我香辣汁要收费，结账的时候告诉我香辣汁25块，感觉被坑了……
1422322917000,团了个两人套餐，比较优惠！也挺好吃的！本来想加个米饭，没有就只能换个扯面，扯面的大哥一点技术含量都没有，我都无语了！有种被坑的赶脚！！
1528543882562,上菜慢，买单价格与菜单不符，高于菜单，要小心。只能用一张券😒，一定要注意查看账单，小心被坑嗷。一份粥两百多块
1523698159591,贵而且难吃，脏乱差，苍蝇到处飞，还非常热！强烈不推荐！
1492863828644,垃圾饭店，各种套路，端茶倒水都需要收费，坑死人，发票也不能开，以后再也不来了
1484311694640,桌子旁边有小强爬，砂锅粥一般
1482924759206,首先味道很普通，膏蟹有点不新鲜（朋友吃出来的），点了花甲，放太多蚝油了，咸成狗，绝对重口味，份量***的少，一男一女加两个菜刚好吃完，300多告诉我部分不能用券，完了还不给发票，黑商家不解释。下不为例，谁去谁被坑!
1477487208091,推荐海鲜粥，其它的菜就不推荐了～～～
1464864504000,点粥根本就不问斤，两菜单上是按斤标价，多算重量宰客，黑店
1435496234000,这次对于菜是很失望的，特意试了新品“金牌香酥骨”非常失望，价格贵不说，贵而不值！本来就几块肉，好了，80%是肥肉！猪油！本来就是油炸的！还掺杂那么多肥猪肉！说好的脆骨！求不骗！还有“客家薯粉”跟图片也是超级大的出入，味道很一般！对于不喜欢吃辣的朋友可以试一试，对于喜欢辣椒的朋友完全不推荐哈！唯一让我钟爱的就是它们家的粥，这点还是非常良心的！跟《德林砂锅粥》比的话，全粥坊的份量很足！味道也比《德林》的好吃很多。所以喜欢喝粥的朋友，还是很推荐全粥坊的。好了，说这么多就是希望其他朋友别踩坑，菜慎点就是了！
1498786581754,东西不新鲜  味道一般。。。。。。。
1467904793324,问服务员油焖虾中份多少只一口回答20多只还送两瓶啤酒  等上来一看才14只   你一份多少只就是多少干嘛忽悠我啊  油焖虾味道也不咋滴    买单时候直接来个不送啤酒    在这吃了3    4次了  好哥们过来就特地带过去吃饭   还吃的一点都不爽    这次被忽悠了   郁闷的要死     下次再也不来了
1416418949000,最最差的一次团购，私自把最贵的两个菜（汤和清蒸皖鱼）换了很差的菜，服务态度也很恶劣，说不吃可以走人，绝对是进了家黑店，把我的感受跟大家分享下，希望其他人不要被骗。
1528370646792,点的菜半天没上，性价比也差！不推荐
1515217583842,到店催着点餐，说厨师要下班了（未告知几点下班，过后问了才说），急着介绍菜品，38元一位的小茶杯，没人加水（店里只有两桌客人）吃到一半先让买单，后催着收拾，赶人一样，4人就餐只吃了不到一个小时，菜品一般（同类素食店比较）吃的心情可想而知（你们急着下班为何还接客，或点餐前说明时间）差！唯一差评！！！
1493810359574,菜色环境都可以，就是买单才说要加收10%服务费30多块，钱不多，感觉被坑了。
1514116560217,除了环境，谈不上任何服务吧。平安夜说的雪花是没有的，座位预定了也是没有的，菜品点了也是过了一个钟才上，更奇葩是，汤和小吃最后上。绝不推荐。管理简直low到底。
1527730814124,吃了好几次了，这次最失望。泡椒凤爪只看得到配菜和辣椒，凤爪连三只都没有，38块钱就买3只凤爪，这老板太会做生意了。以后绝对不会再去
1526825189944,真不知道这么多好评是怎么来的，冲着好评去的，没想到很失望！环境是可以，但是食材不好，点的咖喱虾，虾一点都不新鲜，菠萝鸡肉饭，饭不好吃，鸡肉没入味，不推荐吧……实话实说
1515128500006,酸辣，口味不喜欢，店面小，吵闹
1501679392522,为了凤爪特意去的 图片里生菜包的那个没有另外一家（不说名字了）的好吃 香料味太重不推荐 还有另一个菜也想吃 不过貌似上次去是活动之类的 这次去没有了 有点遗憾吧 回头客啦 下次去尝试别的 不过凤爪吃一百次也不会腻
1423978340000,环境挺好，服务员也挺勤快，但是上菜很慢，价格贵分量少太少，口味和云南吃的泰国菜相比没优点，纯粹的卖环境和服务，至于吃饭不推荐，①太贵，②分量少的可怜③口味不尽人意太普通，所以不推荐，如果是去喝喝咖啡聊聊天但是个不错的去处。
1419599614000,菜很咸很咸，跟泰国本地味道区别还是挺大的。香料也不突出。真心不推荐。
